{"accuracy": [0.6012376546859741, 0.8625079989433289, 0.9182872176170349, 0.9443488121032715, 0.9575361013412476, 0.9660715460777283, 0.9723735451698303, 0.9772245287895203, 0.9801266193389893, 0.9820613265037537], "loss": [1.3511548042297363, 0.4317912757396698, 0.2520446479320526, 0.1719948798418045, 0.12797857820987701, 0.10135049372911453, 0.08337397128343582, 0.06912020593881607, 0.060630202293395996, 0.05618196725845337], "val_accuracy": [0.8387206792831421, 0.909002959728241, 0.9144092798233032, 0.9442863464355469, 0.9387093186378479, 0.9629524350166321, 0.9559526443481445, 0.9688140153884888, 0.9696676731109619, 0.9698383808135986], "val_loss": [0.5205804109573364, 0.2859821021556854, 0.2752316892147064, 0.1673067808151245, 0.19681426882743835, 0.12047168612480164, 0.1476379781961441, 0.10196781158447266, 0.10025925934314728, 0.10250634700059891]}